{
  "高雄市鹽埕區富野路": [
    22.6283394,
    120.2837643
  ],
  "高雄市鳳山區五甲三路": [
    22.5907901,
    120.325006
  ],
  "高雄市苓雅區": [
    22.62177,
    120.312347
  ],
  "高雄市大寮區萬丹路": [
    22.6134127,
    120.4002356
  ],
  "高雄市三民區鼎金後路": [
    22.6716801,
    120.3223847
  ],
  "高雄市鼓山區美術東四路": [
    22.6633368,
    120.2904298
  ],
  "高雄市左營區文自路": [
    22.6857611,
    120.3162932
  ],
  "高雄市楠梓區盛昌街": [
    22.7142781,
    120.2862209
  ],
  "高雄市鳳山區南正二路": [
    22.5987063,
    120.3322762
  ],
  "高雄市鳳山區": [
    22.6270943,
    120.3627723
  ],
  "高雄市鹽埕區大公路": [
    22.7902977,
    120.3032817
  ]
}